1|GuestRate|True|0
2|GuestRate|True|1
3|Reviews|True|1
4|Reviews|True|1
5|Reviews|True|1
6|Reviews|True|1
7|Reviews|True|1
8|Reviews|True|1
9|Reviews|True|1
10|Reviews|True|1
11|Reviews|True|1
12|Reviews|True|1
13|Reviews|True|1
14|Reviews|True|1
15|Reviews|True|1
16|Reviews|True|1
17|Reviews|True|1
18|Reviews|True|1
19|Reviews|True|1
20|Reviews|True|1
21|Reviews|True|1
22|Reviews|True|1
23|Reviews|True|1
24|Reviews|True|1
25|Reviews|True|1
26|Reviews|True|1
27|Reviews|True|1
28|Reviews|True|1
29|Reviews|True|1
30|Reviews|True|1
31|Reviews|True|1
32|Reviews|True|1
33|Reviews|True|1
34|Reviews|True|1
35|Reviews|True|1
36|Reviews|True|1
37|Reviews|True|1
38|Reviews|True|1
39|Reviews|True|1
40|Reviews|True|1
41|Reviews|True|1
42|Reviews|True|1
43|Reviews|True|1
44|Reviews|True|1
45|Reviews|True|1
46|Reviews|True|1
47|Reviews|True|1
48|Reviews|True|1
49|Reviews|True|1
50|Reviews|True|1
51|Reviews|True|1
52|Reviews|True|1
53|Reviews|True|1
54|Reviews|True|1
55|Reviews|True|1
56|Reviews|True|1
57|Reviews|True|1
58|Reviews|True|1
59|Reviews|True|1
60|Reviews|True|1
61|Reviews|True|1
62|Reviews|True|1
63|Reviews|True|1
64|Reviews|True|1
65|Reviews|True|1
66|Reviews|True|1
67|Reviews|True|1
68|Reviews|True|1
69|Reviews|True|1
70|Reviews|True|1
71|Reviews|True|1
72|Reviews|True|1
73|Reviews|True|1
74|Reviews|True|1
75|Reviews|True|1
76|Reviews|True|1
77|Reviews|True|1
78|Reviews|True|1
79|Reviews|True|1
80|Reviews|True|1
81|Reviews|True|1
82|Reviews|True|1
83|Reviews|True|1
84|Reviews|True|1
85|Reviews|True|1
86|Reviews|True|1
87|Reviews|True|1
88|Reviews|True|1
89|Reviews|True|1
90|Reviews|True|1
91|Reviews|True|1
92|Reviews|True|1
93|Reviews|True|1
94|Reviews|True|1
95|Reviews|True|1
96|Reviews|True|1
97|Reviews|True|1
98|Reviews|True|1
99|Reviews|True|1
100|Reviews|True|1
101|Reviews|True|1
102|Reviews|True|1
103|Reviews|True|1
104|Reviews|True|1
105|Reviews|True|1
106|Reviews|True|1
107|Reviews|True|1
108|Reviews|True|1
109|Reviews|True|1
110|Reviews|True|1
111|Reviews|True|1
112|Reviews|True|1
113|Reviews|True|1
114|Reviews|True|1
115|Reviews|True|1
116|Reviews|True|1
117|Reviews|True|1
118|Reviews|True|1
119|Reviews|True|1
120|Reviews|True|1
121|Reviews|True|1
122|Reviews|True|1
123|Reviews|True|1
124|Reviews|True|1
125|Reviews|True|1
126|Reviews|True|1
127|Reviews|True|1
128|Reviews|True|1
129|Reviews|True|1
130|Reviews|True|1
131|Reviews|True|1
132|Reviews|True|1
133|Reviews|True|1
134|Reviews|True|1
135|Reviews|True|1
136|Reviews|True|1
137|Reviews|True|1
138|Reviews|True|1
139|Reviews|True|1
140|Reviews|True|1
141|Reviews|True|1
142|Reviews|True|1
143|Reviews|True|1
144|Reviews|True|1
145|Reviews|True|1
146|Reviews|True|1
147|Reviews|True|1
148|Reviews|True|1
149|Reviews|True|1
150|Reviews|True|1
151|Reviews|True|1
152|Reviews|True|1
153|Reviews|True|1
154|Reviews|True|1
155|Reviews|True|1
156|Reviews|True|1
157|Reviews|True|1
158|Reviews|True|1
159|Reviews|True|1
160|Reviews|True|1
161|Reviews|True|1
162|Reviews|True|1
163|Reviews|True|1
164|Reviews|True|1
165|Reviews|True|1
166|Reviews|True|1
167|Reviews|True|1
168|Reviews|True|1
169|Reviews|True|1
170|Reviews|True|1
171|Reviews|True|1
172|Reviews|True|1
173|Reviews|True|1
174|Reviews|True|1
175|Reviews|True|1
176|Reviews|True|1
177|Reviews|True|1
178|Reviews|True|1
179|Reviews|True|1
180|Reviews|True|1
181|Reviews|True|1
182|Reviews|True|1
183|Reviews|True|1
184|Reviews|True|1
185|Reviews|True|1
186|Reviews|True|1
187|Reviews|True|1
188|Reviews|True|1
189|Reviews|True|1
190|Reviews|True|1
191|Reviews|True|1
192|Reviews|True|1
193|Reviews|True|1
194|Reviews|True|1
195|Reviews|True|1
196|Reviews|True|1
197|Reviews|True|1
198|Reviews|True|1
199|Reviews|True|1
200|Reviews|True|1
201|Reviews|True|1
202|Reviews|True|1
203|Reviews|True|1
204|Reviews|True|1
205|Reviews|True|1
206|Reviews|True|1
207|Reviews|True|1
208|Reviews|True|1
209|Reviews|True|1
210|Reviews|True|1
211|Reviews|True|1
212|Reviews|True|1
213|Reviews|True|1
214|Reviews|True|1
215|Reviews|True|1
216|Reviews|True|1
217|Reviews|True|1
218|Reviews|True|1
219|Reviews|True|1
220|Reviews|True|1
221|Reviews|True|1
222|Reviews|True|1
223|Reviews|True|1
224|Reviews|True|1
225|Reviews|True|1
226|Reviews|True|1
227|Reviews|True|1
228|Reviews|True|1
229|Reviews|True|1
230|Reviews|True|1
231|Reviews|True|1
232|Reviews|True|1
233|Reviews|True|1
234|Reviews|True|1
235|Reviews|True|1
236|Reviews|True|1
237|Reviews|True|1
238|Reviews|True|1
239|Reviews|True|1
240|Reviews|True|1
241|Reviews|True|1
242|Reviews|True|1
243|Reviews|True|1
244|Reviews|True|1
245|Reviews|True|1
246|Reviews|True|1
247|Reviews|True|1
248|Reviews|True|1
249|Reviews|True|1
250|Reviews|True|1
251|Reviews|True|1
252|Reviews|True|1
253|Reviews|True|1
254|Reviews|True|1
255|Reviews|True|1
256|Reviews|True|1
257|Reviews|True|1
